web-scraper-order,,Images,,intro,price
1677004905-454,,https://johnlewis.scene7.com/is/image/JohnLewis/006333053?wid=117&hei=156,,"Linen Abstract Print Tunic Dress, Navy",¡ê49.00
1677004905-455,,https://johnlewis.scene7.com/is/image/JohnLewis/006342282?wid=117&hei=156,,"Plain Puff Sleeve Empire Line Dress, Black",¡ê45.00
1677004905-456,,https://johnlewis.scene7.com/is/image/JohnLewis/006342284?wid=117&hei=156,,"Gingham Crinkle Long Sleeve Top, Blue/White",¡ê32.00
1677004905-457,,https://johnlewis.scene7.com/is/image/JohnLewis/006305135?wid=117&hei=156,,"Floral Print High Neck Blouse, White/Multi",¡ê39.00
1677004905-458,,https://johnlewis.scene7.com/is/image/JohnLewis/006424543?wid=117&hei=156,,"Naxos-H Geometric Print Blouse, White/Multi",¡ê35.99
1677004905-459,,https://johnlewis.scene7.com/is/image/JohnLewis/006305145?wid=117&hei=156,,Bamboo Print Blouse,¡ê35.00
1677004905-460,,https://johnlewis.scene7.com/is/image/JohnLewis/006305138?wid=117&hei=156,,"Floral Print Blouse, Yellow/Multi",¡ê69.00
1677004905-461,,https://johnlewis.scene7.com/is/image/JohnLewis/006378221?wid=117&hei=156,,Double Breasted Linen Blazer,¡ê79.00
1677004905-462,,https://johnlewis.scene7.com/is/image/JohnLewis/006325779?wid=117&hei=156,,"Josephine Animal Spot Print Midi Dress, Neutral",¡ê275.00
1677004905-463,,https://johnlewis.scene7.com/is/image/JohnLewis/006433088?wid=117&hei=156,,"Lucrece Floral Silk Dupion Shirt, Multi",¡ê65.00
1677004905-464,,https://johnlewis.scene7.com/is/image/JohnLewis/006305133alt10?wid=117&hei=156,,"Floral Chiffon Midi Dress, Yellow/Multi",¡ê280.00
1677004905-465,,https://johnlewis.scene7.com/is/image/JohnLewis/006397753?wid=117&hei=156,,"Leyton Cotton Cropped Trousers, Olive Green",¡ê89.00
1677004905-466,,https://johnlewis.scene7.com/is/image/JohnLewis/006343844alt10?wid=117&hei=156,,"Geo Print Midi Dress, Multi",¡ê190.00
1677004905-467,,https://johnlewis.scene7.com/is/image/JohnLewis/006428737?wid=117&hei=156,,"Turin Cygni Sweatshirt, Black",¡ê59.99
1677004905-468,,https://johnlewis.scene7.com/is/image/JohnLewis/006397758?wid=117&hei=156,,"Maxine Stripe Cotton Poplin Shirt, Brown/Multi",¡ê34.00
1677004905-469,,https://johnlewis.scene7.com/is/image/JohnLewis/006378224?wid=117&hei=156,,Linen Tapered Leg Trousers,¡ê14.00
1677004905-470,,https://johnlewis.scene7.com/is/image/JohnLewis/006378223?wid=117&hei=156,,Linen Trousers,¡ê9.99
1677004905-471,,https://johnlewis.scene7.com/is/image/JohnLewis/006426636?wid=117&hei=156,,Onion Quilted Jacket,¡ê69.95
1677004905-472,,https://johnlewis.scene7.com/is/image/JohnLewis/006332939?wid=117&hei=156,,Utility Chinos,¡ê305.00
1677004905-473,,https://johnlewis.scene7.com/is/image/JohnLewis/006342369?wid=117&hei=156,,"Pointelle Sleeve Cardigan, Ivory",¡ê59.99
1677004905-474,,https://johnlewis.scene7.com/is/image/JohnLewis/006357760?wid=117&hei=156,,Plain Tie Shoulder Stripe T-Shirt,¡ê210.00
1677004905-475,,https://johnlewis.scene7.com/is/image/JohnLewis/006421607?wid=117&hei=156,,"Skinny Capri Trousers, Black",¡ê45.00
1677004905-476,,https://johnlewis.scene7.com/is/image/JohnLewis/006406422?wid=117&hei=156,,Mangofi Cotton T-Shirt,¡ê85.00
1677004905-477,,https://johnlewis.scene7.com/is/image/JohnLewis/006393696?wid=117&hei=156,,Logo Cotton T-Shirt,¡ê120.00
1677004907-478,,https://johnlewis.scene7.com/is/image/JohnLewis/006429680?wid=117&hei=156,,"Davila Regular Fit Long Sleeve Shirt, Pink",¡ê55.00
1677004907-479,,https://johnlewis.scene7.com/is/image/JohnLewis/006429118?wid=117&hei=156,,"Fleur Satin Dress, Aubergine",¡ê265.00
1677004907-480,,https://johnlewis.scene7.com/is/image/JohnLewis/006429055?wid=117&hei=156,,"Paros Faux Leather Midi Skirt, Black",¡ê229.00
1677004907-481,,https://johnlewis.scene7.com/is/image/JohnLewis/006427836?wid=117&hei=156,,"Oversized Bomber Jacket, Overcast Grey",¡ê35.99
1677004907-482,,https://johnlewis.scene7.com/is/image/JohnLewis/006427832?wid=117&hei=156,,Archival Monologo Ribbed Tank Top,¡ê25.99
1677004907-483,,https://johnlewis.scene7.com/is/image/JohnLewis/006427807?wid=117&hei=156,,"Cropped Knit Top, White",¡ê185.00
1677004907-484,,https://johnlewis.scene7.com/is/image/JohnLewis/006427829?wid=117&hei=156,,"Motion Abstract Print Hoodie, Bright White",¡ê195.00
1677004907-485,,https://johnlewis.scene7.com/is/image/JohnLewis/006427802?wid=117&hei=156,,"Motion Floral Relaxed T-Shirt, White/Multi",¡ê9.99
1677004907-486,,https://johnlewis.scene7.com/is/image/JohnLewis/006427795?wid=117&hei=156,,"Wrapping Cut Out Dress, Multi",¡ê27.00
1677004907-487,,https://johnlewis.scene7.com/is/image/JohnLewis/006394578?wid=117&hei=156,,"Plain Fitted Flare Cap Sleeve Dress, Noir",¡ê495.00
1677004907-488,,https://johnlewis.scene7.com/is/image/JohnLewis/006367498?wid=117&hei=156,,"Marenda Sleeveless Dress, Portside Coral",¡ê395.00
1677004907-489,,https://johnlewis.scene7.com/is/image/JohnLewis/006426671?wid=117&hei=156,,Collared Plain Shirt,¡ê309.00
1677004907-490,,https://johnlewis.scene7.com/is/image/JohnLewis/006426652?wid=117&hei=156,,High Waisted Jeggings,¡ê179.00
1677004907-491,,https://johnlewis.scene7.com/is/image/JohnLewis/006425165?wid=117&hei=156,,"Etienne Cropped Trousers, Ecru",¡ê205.00
1677004907-492,,https://johnlewis.scene7.com/is/image/JohnLewis/006425166?wid=117&hei=156,,Elga Tapered Trousers,¡ê120.00
1677004907-493,,https://johnlewis.scene7.com/is/image/JohnLewis/006425187?wid=117&hei=156,,"Ederson Trousers, Ecru",¡ê89.00
1677004907-494,,https://johnlewis.scene7.com/is/image/JohnLewis/006424557?wid=117&hei=156,,Logo T-Shirt,¡ê140.00
1677004907-495,,https://johnlewis.scene7.com/is/image/JohnLewis/006423897?wid=117&hei=156,,Crepe Light Capped Sleeve Tee,¡ê55.99
1677004907-496,,https://johnlewis.scene7.com/is/image/JohnLewis/006394214?wid=117&hei=156,,"Floral Tiered Puff Sleeve Maxi Dress, Navy",¡ê59.99
1677004907-497,,https://johnlewis.scene7.com/is/image/JohnLewis/006421973?wid=117&hei=156,,Cashmere Polo Jumper,¡ê44.99
1677004907-498,,https://johnlewis.scene7.com/is/image/JohnLewis/006421925?wid=117&hei=156,,Cashmere Gauzy Shawl Cardigan,¡ê35.99
1677004907-499,,https://johnlewis.scene7.com/is/image/JohnLewis/006421865?wid=117&hei=156,,"Versi Oversize Jumper, Black",¡ê124.95
1677004907-500,,https://johnlewis.scene7.com/is/image/JohnLewis/006381134?wid=117&hei=156,,"Leilani Floral Quilted Jacket, Pink",¡ê129.95
1677004907-501,,https://johnlewis.scene7.com/is/image/JohnLewis/006388592?wid=117&hei=156,,"Lilian Cotton Voile Floral Top, Green",¡ê99.00
1677004911-502,,https://johnlewis.scene7.com/is/image/JohnLewis/006425689?wid=117&hei=156,,"Ponte Jersey Trousers, Burgundy",¡ê230.00
1677004911-503,,https://johnlewis.scene7.com/is/image/JohnLewis/006410043?wid=117&hei=156,,"Dobby Collar Blouse, Ivory",¡ê90.00
1677004911-504,,https://johnlewis.scene7.com/is/image/JohnLewis/006427386?wid=117&hei=156,,"Linen Pull On Trousers, Ecru",¡ê65.00
1677004911-505,,https://johnlewis.scene7.com/is/image/JohnLewis/006426633?wid=117&hei=156,,Letizia Sleeveless Maxi Dress,¡ê319.00
1677004911-506,,https://johnlewis.scene7.com/is/image/JohnLewis/006428970?wid=117&hei=156,,"Studios Chiffon Top, Flame Red",¡ê250.00
1677004911-507,,https://johnlewis.scene7.com/is/image/JohnLewis/006445140?wid=117&hei=156,,"Studios Seventies Shirt, Semi Circle Beige Print",¡ê85.00
1677004911-508,,https://johnlewis.scene7.com/is/image/JohnLewis/006445134?wid=117&hei=156,,"Studios Seventies Shirt, Navy Geo Print",¡ê30.00
1677004911-509,,https://johnlewis.scene7.com/is/image/JohnLewis/006445131?wid=117&hei=156,,"Studios Seventies Shirt, Zappa Brown Print",¡ê59.00
1677004911-510,,https://johnlewis.scene7.com/is/image/JohnLewis/006424544?wid=117&hei=156,,"Soho Skinny Jeans, Grey",¡ê149.00
1677004911-511,,https://johnlewis.scene7.com/is/image/JohnLewis/006429674?wid=117&hei=156,,"Davila Abstract Print Smocked Maxi Dress, Pink",¡ê359.00
1677004911-512,,https://johnlewis.scene7.com/is/image/JohnLewis/006429656?wid=117&hei=156,,"Basira Floral Long Sleeve Wrap Dress, Blue",¡ê69.00
1677004911-513,,https://johnlewis.scene7.com/is/image/JohnLewis/006416822?wid=117&hei=156,,"Crystal Embroidered Tiered Cotton Dress, Iris Blue/Gold",¡ê188.00
1677004911-514,,https://johnlewis.scene7.com/is/image/JohnLewis/006018205?wid=117&hei=156,,"Kenzie High Waisted Skinny Jeans, Washed Black",¡ê178.00
1677004911-515,,https://johnlewis.scene7.com/is/image/JohnLewis/006379211?wid=117&hei=156,,"Caden Tailored Trousers, Sand",¡ê165.00
1677004911-516,,https://johnlewis.scene7.com/is/image/JohnLewis/006427825?wid=117&hei=156,,"Halterneck Knitted Mini Dress, Blue",¡ê69.95
1677004911-517,,https://johnlewis.scene7.com/is/image/JohnLewis/006427820?wid=117&hei=156,,"Institutional Long T-Shirt Dress, Black",¡ê140.00
1677004911-518,,https://johnlewis.scene7.com/is/image/JohnLewis/006416826?wid=117&hei=156,,Guadalupe Tunic,¡ê210.00
1677004911-519,,https://johnlewis.scene7.com/is/image/JohnLewis/006410216?wid=117&hei=156,,Elliot Tote Bag,¡ê90.00
1677004911-520,,https://johnlewis.scene7.com/is/image/JohnLewis/006434986?wid=117&hei=156,,"Horse-H Cut Out Detail Mini Dress, White",¡ê79.99
1677004911-521,,https://johnlewis.scene7.com/is/image/JohnLewis/006421928?wid=117&hei=156,,"Cashmere Hepburn Jumper, Aquamarine",¡ê80.00
1677004911-522,,https://johnlewis.scene7.com/is/image/JohnLewis/006433024?wid=117&hei=156,,"Martinique Midi Dress, Green",¡ê89.00
1677004911-523,,https://johnlewis.scene7.com/is/image/JohnLewis/006416827?wid=117&hei=156,,Emelia Satin Top,¡ê25.00
1677004911-524,,https://johnlewis.scene7.com/is/image/JohnLewis/006442372?wid=117&hei=156,,"Louisa Rib Cami Top, White",¡ê250.00
1677004911-525,,https://johnlewis.scene7.com/is/image/JohnLewis/006423823?wid=117&hei=156,,"Meadow Cadie Ditsy Print Dress, Shifting Sand",¡ê67.50
1677004914-526,,https://johnlewis.scene7.com/is/image/JohnLewis/006437939?wid=117&hei=156,,"Tillie Midi Dress, Pea Green",¡ê19.99
1677004914-527,,https://johnlewis.scene7.com/is/image/JohnLewis/006429116?wid=117&hei=156,,"Sandra Midi Lace Dress, Oyster",¡ê50.00
1677004914-528,,https://johnlewis.scene7.com/is/image/JohnLewis/006444892?wid=117&hei=156,,"Veronica Print Collared Shirt, Multi",¡ê99.00
1677004914-529,,https://johnlewis.scene7.com/is/image/JohnLewis/006442369?wid=117&hei=156,,"Margarite Abstract Print Mini Tunic Dress, Ivory/Multi",¡ê35.99
1677004914-530,,https://johnlewis.scene7.com/is/image/JohnLewis/006452179?wid=117&hei=156,,"Petite Lina Button Detail Wide Leg Trousers, Cream",¡ê63.75
1677004914-531,,https://johnlewis.scene7.com/is/image/JohnLewis/006421980?wid=117&hei=156,,"Mohair Wave Knit Tank, Blue/Multi",¡ê56.25
1677004914-532,,https://johnlewis.scene7.com/is/image/JohnLewis/006431660?wid=117&hei=156,,Saya Cotton Stripe Jumper,¡ê75.00
1677004914-533,,https://johnlewis.scene7.com/is/image/JohnLewis/006427321?wid=117&hei=156,,Slim Fit Denim Jacket,¡ê35.99
1677004914-534,,https://johnlewis.scene7.com/is/image/JohnLewis/006427319?wid=117&hei=156,,"Lightweight Jacket, Light Sandalwood",¡ê50.15
1677004914-535,,https://johnlewis.scene7.com/is/image/JohnLewis/006420811?wid=117&hei=156,,Leeron Vest Top,¡ê119.00
1677004914-536,,https://johnlewis.scene7.com/is/image/JohnLewis/006417849?wid=117&hei=156,,"Gila Print Jumpsuit, Black/White",¡ê98.00
1677004914-537,,https://johnlewis.scene7.com/is/image/JohnLewis/006401405?wid=117&hei=156,,"Akane Rusched Hoodie, Caviar",¡ê149.00
1677004914-538,,https://johnlewis.scene7.com/is/image/JohnLewis/006400993?wid=117&hei=156,,"Roll Top Maxi Skirt, Polka Dots Black/Red",¡ê101.15
1677004914-539,,https://johnlewis.scene7.com/is/image/JohnLewis/006395015?wid=117&hei=156,,"Chunky Cotton Jumper, Red",¡ê45.00
1677004914-540,,https://johnlewis.scene7.com/is/image/JohnLewis/109387368?wid=117&hei=156,,Large Puffy Tote Bag,¡ê15.99
1677004914-541,,https://johnlewis.scene7.com/is/image/JohnLewis/006428865?wid=117&hei=156,,"Brigitte Mid Rise Boyfriend Jeans, Roam",¡ê99.00
1677004914-542,,https://johnlewis.scene7.com/is/image/JohnLewis/006399547?wid=117&hei=156,,"Mid Rise Straight Wide Leg Jeans, Mid Vintage",¡ê150.00
1677004914-543,,https://johnlewis.scene7.com/is/image/JohnLewis/006424571?wid=117&hei=156,,"Bunny-H Top, Green/Multi",¡ê99.95
1677004914-544,,https://johnlewis.scene7.com/is/image/JohnLewis/006427205?wid=117&hei=156,,"Curve Regular Hilfiger T-Shirt, Pastel Pink",¡ê110.00
1677004914-545,,https://johnlewis.scene7.com/is/image/JohnLewis/006407847?wid=117&hei=156,,"Marlee Print Mesh Mini Dress, Blue/Multi",¡ê19.99
1677004914-546,,https://johnlewis.scene7.com/is/image/JohnLewis/006441932?wid=117&hei=156,,Athens-A Sleeveless Pleated Top,¡ê55.99
1677004914-547,,https://johnlewis.scene7.com/is/image/JohnLewis/006399549?wid=117&hei=156,,"High Rise Flare Jeans, Indigo",¡ê45.99
1677004914-548,,https://johnlewis.scene7.com/is/image/JohnLewis/006402883?wid=117&hei=156,,"Jersey Tea Mini Dress, Black/Diamond Rose",¡ê49.99
1677004914-549,,https://johnlewis.scene7.com/is/image/JohnLewis/006133980?wid=117&hei=156,,"Bailey Sleeveless Cardigan, Black",¡ê65.00
1677004916-550,,https://johnlewis.scene7.com/is/image/JohnLewis/006426653?wid=117&hei=156,,"Danila Straight Fit Jeans, Black",¡ê22.99
1677004916-551,,https://johnlewis.scene7.com/is/image/JohnLewis/006406981?wid=117&hei=156,,"Wren Cut Out Shoulder Fitted Top, Black",¡ê79.00
1677004916-552,,https://johnlewis.scene7.com/is/image/JohnLewis/006398037?wid=117&hei=156,,"Kyle Waxed Straight Jeans, Black",¡ê100.00
1677004916-553,,https://johnlewis.scene7.com/is/image/JohnLewis/006400974?wid=117&hei=156,,Empire Line Maxi Dress,¡ê105.00
1677004916-554,,https://johnlewis.scene7.com/is/image/JohnLewis/006394986?wid=117&hei=156,,Elle Ribbed Jumper,¡ê65.00
1677004916-555,,https://johnlewis.scene7.com/is/image/JohnLewis/006402389?wid=117&hei=156,,"Linear Floral Mesh Dress, Green/Multi",¡ê69.95
1677004916-556,,https://johnlewis.scene7.com/is/image/JohnLewis/006393923?wid=117&hei=156,,"Juno Border Hem Midi Dress, Blue/Multi",¡ê140.00
1677004916-557,,https://johnlewis.scene7.com/is/image/JohnLewis/006413527?wid=117&hei=156,,"Tyesha Lace Shirred Cuff Top, White",¡ê210.00
1677004916-558,,https://johnlewis.scene7.com/is/image/JohnLewis/006410413?wid=117&hei=156,,"Trip-H Top, Pink/White",¡ê90.00
1677004916-559,,https://johnlewis.scene7.com/is/image/JohnLewis/006428779?wid=117&hei=156,,"Silva Pippa Hoodie, Black",¡ê79.99
1677004916-560,,https://johnlewis.scene7.com/is/image/JohnLewis/006417354?wid=117&hei=156,,"Horse-H Cut Out Detail Top, White",¡ê80.00
1677004916-561,,https://johnlewis.scene7.com/is/image/JohnLewis/006416804?wid=117&hei=156,,Viola Organic Cotton Midi Dress,¡ê89.00
1677004916-562,,https://johnlewis.scene7.com/is/image/JohnLewis/006431654?wid=117&hei=156,,"Silane Long Sleeve Shirt Dress, Mazarine Bouquet",¡ê25.00
1677004916-563,,https://johnlewis.scene7.com/is/image/JohnLewis/006442731?wid=117&hei=156,,"Silk Front Ruched Waist Top, Pink",¡ê250.00
1677004916-564,,https://johnlewis.scene7.com/is/image/JohnLewis/006426674?wid=117&hei=156,,Carlina Ruched Front Top,¡ê67.50
1677004916-565,,https://johnlewis.scene7.com/is/image/JohnLewis/006424536?wid=117&hei=156,,"Open Back Jumpsuit, Medium Brown",¡ê19.99
1677004916-566,,https://johnlewis.scene7.com/is/image/JohnLewis/006417330?wid=117&hei=156,,"Sandia-H Midi Dress, Red",¡ê50.00
1677004916-567,,https://johnlewis.scene7.com/is/image/JohnLewis/006417307?wid=117&hei=156,,"Noodle Belted Shirt Dress, Red",¡ê99.00
1677004916-568,,https://johnlewis.scene7.com/is/image/JohnLewis/006442530?wid=117&hei=156,,"Midi Jersey Shirt Dress, Dark Green",¡ê35.99
1677004916-569,,https://johnlewis.scene7.com/is/image/JohnLewis/006398067?wid=117&hei=156,,Almar Roll Neck Jumper,¡ê63.75
1677004916-570,,https://johnlewis.scene7.com/is/image/JohnLewis/006458339?wid=117&hei=156,,Petite Annie Trousers,¡ê56.25
1677004916-571,,https://johnlewis.scene7.com/is/image/JohnLewis/006424053?wid=117&hei=156,,"501 Straight Cut Jeans, Hollow Days",¡ê75.00
1677004916-572,,https://johnlewis.scene7.com/is/image/JohnLewis/006378372?wid=117&hei=156,,"724 High Rise Slim Fit Coated Jeans, Shine Like A Diamond",¡ê35.99
1677004916-573,,https://johnlewis.scene7.com/is/image/JohnLewis/006416764?wid=117&hei=156,,Seraphia Maxi Dress,¡ê90.00
1677005308-574,,https://johnlewis.scene7.com/is/image/JohnLewis/006338255?wid=117&hei=156,,Premium Tech Hoodie,¡ê49.00
1677005308-575,,https://johnlewis.scene7.com/is/image/JohnLewis/006282956?wid=117&hei=156,,"College Stripe T-Shirt, Dusty Cedar",¡ê25.00
1677005308-576,,https://johnlewis.scene7.com/is/image/JohnLewis/006349663?wid=117&hei=156,,Contour Short Sleeve Polo Shirt,¡ê39.00
1677005308-577,,https://johnlewis.scene7.com/is/image/JohnLewis/006416026?wid=117&hei=156,,Elsham Cargo Trousers,¡ê109.00
1677005308-578,,https://johnlewis.scene7.com/is/image/JohnLewis/006377653?wid=117&hei=156,,"Type 1 Trucker Jacket, Z7771 Light Indigo",¡ê120.00
1677005308-579,,https://johnlewis.scene7.com/is/image/JohnLewis/006377670?wid=117&hei=156,,"501 Original Straight Jeans, Z1543 Light Indigo Stonewash",¡ê100.00
1677005308-580,,https://johnlewis.scene7.com/is/image/JohnLewis/006369862?wid=117&hei=156,,"Knitted Tape Track Jacket, C102",¡ê110.00
1677005308-581,,https://johnlewis.scene7.com/is/image/JohnLewis/006324465?wid=117&hei=156,,Textured Cotton Zip Through Overshirt,¡ê65.00
1677005308-582,,https://johnlewis.scene7.com/is/image/JohnLewis/006279368?wid=117&hei=156,,Graphic Print Let The Love Grow T-Shirt,¡ê15.00
1677005308-583,,https://johnlewis.scene7.com/is/image/JohnLewis/006414508?wid=117&hei=156,,"Nidaros Long Sleeve Paisley Print Shirt, Black",¡ê119.00
1677005308-584,,https://johnlewis.scene7.com/is/image/JohnLewis/006393841?wid=117&hei=156,,"Polo Ralph Lauren Baseball Jacket, Cruise Navy/White",¡ê165.00
1677005308-585,,https://johnlewis.scene7.com/is/image/JohnLewis/006277557?wid=117&hei=156,,Wax Cotton Jacket,¡ê99.00
1677005308-586,,https://johnlewis.scene7.com/is/image/JohnLewis/006428472?wid=117&hei=156,,Cotton T-Shirt,¡ê20.00
1677005308-587,,https://johnlewis.scene7.com/is/image/JohnLewis/006443752alt1?wid=117&hei=156,,Merino Wool Zip Neck Jumper,¡ê69.95 - ¡ê79.95
1677005308-588,,https://johnlewis.scene7.com/is/image/JohnLewis/006444352?wid=117&hei=156,,Vintage Logo Store Tonal T-Shirt,¡ê26.99
1677005308-589,,https://johnlewis.scene7.com/is/image/JohnLewis/006444357?wid=117&hei=156,,Vintage Corporation Logo Vest,¡ê22.99
1677005308-590,,https://johnlewis.scene7.com/is/image/JohnLewis/006444353?wid=117&hei=156,,Vintage Tribal Surf Vest Top,¡ê59.95
1677005308-591,,https://johnlewis.scene7.com/is/image/JohnLewis/006444300?wid=117&hei=156,,Vintage Logo Mountain T-Shirt,¡ê19.99
1677005308-592,,https://johnlewis.scene7.com/is/image/JohnLewis/006444322?wid=117&hei=156,,Vintage Cali Vest,¡ê59.95 - ¡ê64.95
1677005308-593,,https://johnlewis.scene7.com/is/image/JohnLewis/006415230?wid=117&hei=156,,Vintage Venue T-Shirt,¡ê439.00
1677005308-594,,https://johnlewis.scene7.com/is/image/JohnLewis/006393670?wid=117&hei=156,,Easington Short Sleeve Polo Shirt,¡ê99.00
1677005308-595,,https://johnlewis.scene7.com/is/image/JohnLewis/006415235?wid=117&hei=156,,Organic Cotton Essential Logo V-Neck T-Shirt,¡ê65.00
1677005308-596,,https://johnlewis.scene7.com/is/image/JohnLewis/006381239?wid=117&hei=156,,Pima Cotton Crew Neck Jumper,¡ê55.00
1677005308-597,,https://johnlewis.scene7.com/is/image/JohnLewis/006435335?wid=117&hei=156,,"Sportswear Logo T-Shirt, Eclipse Navy",¡ê75.00
1677005311-598,,https://johnlewis.scene7.com/is/image/JohnLewis/006393828?wid=117&hei=156,,"Polo Ralph Lauren Gorham Field Jacket, Vintage Pine",¡ê199.00
1677005311-599,,https://johnlewis.scene7.com/is/image/JohnLewis/006426526?wid=117&hei=156,,"Breakup Short Sleeve Shirt, Red/Black",¡ê50.00
1677005311-600,,https://johnlewis.scene7.com/is/image/JohnLewis/006426386?wid=117&hei=156,,"Figure Short Sleeve Polo Top, Washed Black",¡ê52.00
1677005311-601,,https://johnlewis.scene7.com/is/image/JohnLewis/006426361?wid=117&hei=156,,"Hewn Short Sleeve Graphic Top, Washed Black",¡ê49.00
1677005311-602,,https://johnlewis.scene7.com/is/image/JohnLewis/006426363?wid=117&hei=156,,"Direction Short Sleeve Cotton Top, Washed Black",¡ê119.00 - ¡ê129.00
1677005311-603,,https://johnlewis.scene7.com/is/image/JohnLewis/006426348?wid=117&hei=156,,"Arden Short Sleeve Stripe Polo Top, Black/Red",¡ê115.00
1677005311-604,,https://johnlewis.scene7.com/is/image/JohnLewis/006426286?wid=117&hei=156,,"Bassett Leopard Print Reversible Bomber Jacket, Khaki/Black",¡ê128.00
1677005311-605,,https://johnlewis.scene7.com/is/image/JohnLewis/006426284?wid=117&hei=156,,"Bolus Crew Neck Jumper, Jet Black",¡ê130.00
1677005311-606,,https://johnlewis.scene7.com/is/image/JohnLewis/006410021?wid=117&hei=156,,MC H¨¦ritage Stripe T-Shirt,¡ê198.00
1677005311-607,,https://johnlewis.scene7.com/is/image/JohnLewis/006420781?wid=117&hei=156,,"Birkby Rugby Shirt, Mid Blue",¡ê54.99
1677005311-608,,https://johnlewis.scene7.com/is/image/JohnLewis/006420772?wid=117&hei=156,,Heavy Jersey T-Shirt,¡ê39.00
1677005311-609,,https://johnlewis.scene7.com/is/image/JohnLewis/006420733?wid=117&hei=156,,Cotton Hoodie,¡ê79.00
1677005311-610,,https://johnlewis.scene7.com/is/image/JohnLewis/006420720?wid=117&hei=156,,Crew Neck Cotton Jumper,¡ê229.00
1677005311-611,,https://johnlewis.scene7.com/is/image/JohnLewis/006419800?wid=117&hei=156,,Straight Leg Denim Jeans,¡ê109.00
1677005311-612,,https://johnlewis.scene7.com/is/image/JohnLewis/006418287?wid=117&hei=156,,"Marley Check Wool Blend Shirt, Camel/Blue",¡ê199.00
1677005311-613,,https://johnlewis.scene7.com/is/image/JohnLewis/006403557?wid=117&hei=156,,"Ring Crew T-Shirt, 423 Navy",¡ê169.00
1677005311-614,,https://johnlewis.scene7.com/is/image/JohnLewis/006417775?wid=117&hei=156,,"Alfredo Slim Fit Wool Check Suit Trousers, Brown",¡ê104.55 - ¡ê115.00
1677005311-615,,https://johnlewis.scene7.com/is/image/JohnLewis/006372817?wid=117&hei=156,,"Big & Tall Relaxed Fit Check Shirt, Krishan Plaid Lark",¡ê54.99
1677005311-616,,https://johnlewis.scene7.com/is/image/JohnLewis/006377674?wid=117&hei=156,,"Relaxed Graphic Sweatshirt, Colorblock Bw Crew Thyme",¡ê149.00
1677005311-617,,https://johnlewis.scene7.com/is/image/JohnLewis/006416174?wid=117&hei=156,,Vintage Logo Neon Hoodie,¡ê99.00
1677005311-618,,https://johnlewis.scene7.com/is/image/JohnLewis/006416080?wid=117&hei=156,,Barrow Stripe T-Shirt,¡ê138.00
1677005311-619,,https://johnlewis.scene7.com/is/image/JohnLewis/006416068?wid=117&hei=156,,"Haxley Logo T-Shirt, Navy",¡ê49.00
1677005311-620,,https://johnlewis.scene7.com/is/image/JohnLewis/006416056?wid=117&hei=156,,"Braceby Cotton Cashmere Polo Top, Navy",¡ê110.00
1677005311-621,,https://johnlewis.scene7.com/is/image/JohnLewis/006416054?wid=117&hei=156,,Robin Cotton Cashmere Polo Shirt,¡ê100.00
1677005316-622,,https://johnlewis.scene7.com/is/image/JohnLewis/006438251?wid=117&hei=156,,"Slim Fit Shawl Lapel Slub Suit Jacket, Taupe",¡ê65.00
1677005316-623,,https://johnlewis.scene7.com/is/image/JohnLewis/006389557?wid=117&hei=156,,"Polo Ralph Lauren Stripe Swim Shorts, Multi",¡ê25.00
1677005316-624,,https://johnlewis.scene7.com/is/image/JohnLewis/006419833?wid=117&hei=156,,Portland Leather Derby Shoes,¡ê85.00 - ¡ê90.00
1677005316-625,,https://johnlewis.scene7.com/is/image/JohnLewis/006398786?wid=117&hei=156,,"BOSS Maine Jeans, Bright Blue",¡ê98.00
1677005316-626,,https://johnlewis.scene7.com/is/image/JohnLewis/006398811?wid=117&hei=156,,BOSS Padro Zip Jumper,¡ê44.99
1677005316-627,,https://johnlewis.scene7.com/is/image/JohnLewis/006297399?wid=117&hei=156,,Original Short Wellington Boots,¡ê329.00
1677005316-628,,https://johnlewis.scene7.com/is/image/JohnLewis/006433004?wid=117&hei=156,,Vintage Logo Heritage Raglan Hoodie,¡ê119.00
1677005316-629,,https://johnlewis.scene7.com/is/image/JohnLewis/006414500?wid=117&hei=156,,"Rotation Long Sleeve Check Overshirt, Dark Ink",¡ê45.00 - ¡ê50.00
1677005316-630,,https://johnlewis.scene7.com/is/image/JohnLewis/006398845?wid=117&hei=156,,"BOSS Paule 3D Jacquard Polo Shirt, Black",¡ê28.00
1677005316-631,,https://johnlewis.scene7.com/is/image/JohnLewis/006395154?wid=117&hei=156,,"Angelo Check Zip Overshirt, Blue",¡ê118.00
1677005316-632,,https://johnlewis.scene7.com/is/image/JohnLewis/006331146?wid=117&hei=156,,"Slim Fit Patchwork Stripe Shirt, Blue/Multi",¡ê64.99
1677005316-633,,https://johnlewis.scene7.com/is/image/JohnLewis/006363810?wid=117&hei=156,,Oxford Stripe Shirt,¡ê35.00
1677005316-634,,https://johnlewis.scene7.com/is/image/JohnLewis/006390718?wid=117&hei=156,,"International Dual Tailored Button Neck Jumper, Black",¡ê60.00
1677005316-635,,https://johnlewis.scene7.com/is/image/JohnLewis/006369839?wid=117&hei=156,,"Chevron Stripe Knitted Short Sleeve Polo Shirt, C102",¡ê298.00
1677005316-636,,https://johnlewis.scene7.com/is/image/JohnLewis/006400323?wid=117&hei=156,,"Block Stripe Rugby Shirt, Green/Multi",¡ê50.00
1677005316-637,,https://johnlewis.scene7.com/is/image/JohnLewis/006398930?wid=117&hei=156,,"BOSS Saggy Zip Hoodie, Black/Gold",¡ê48.00
1677005316-638,,https://johnlewis.scene7.com/is/image/JohnLewis/006347802?wid=117&hei=156,,"Logo Suede Trainers, Olive",¡ê138.00
1677005316-639,,https://johnlewis.scene7.com/is/image/JohnLewis/006285787?wid=117&hei=156,,Organic Cotton Linen Blend T-Shirt,¡ê69.95
1677005316-640,,https://johnlewis.scene7.com/is/image/JohnLewis/006410014?wid=117&hei=156,,Crew Logo Jumper,¡ê135.00
1677005316-641,,https://johnlewis.scene7.com/is/image/JohnLewis/006435074?wid=117&hei=156,,"Milburn Merino Wool Polo Shirt, Navy",¡ê54.99
1677005316-642,,https://johnlewis.scene7.com/is/image/JohnLewis/006427094?wid=117&hei=156,,"Classic Seasonal Camo Clogs, Chai/Tan",¡ê65.00
1677005316-643,,https://johnlewis.scene7.com/is/image/JohnLewis/006425964?wid=117&hei=156,,"Mito Leather Weekend Bag, Black",¡ê30.00
1677005316-644,,https://johnlewis.scene7.com/is/image/JohnLewis/006372683?wid=117&hei=156,,"Mason Chukka Boots, Sand",¡ê99.00
1677005316-645,,https://johnlewis.scene7.com/is/image/JohnLewis/006312816?wid=117&hei=156,,Daddy Organic Cotton Polo Shirt,¡ê37.95
1677005319-646,,https://johnlewis.scene7.com/is/image/JohnLewis/006407686?wid=117&hei=156,,Plain Cotton T-Shirt,¡ê79.00
1677005319-647,,https://johnlewis.scene7.com/is/image/JohnLewis/006395227?wid=117&hei=156,,Lemar Technical Trousers,¡ê27.00
1677005319-648,,https://johnlewis.scene7.com/is/image/JohnLewis/006360355alt2?wid=117&hei=156,,Casual Linen Long Sleeve Shirt,¡ê110.00
1677005319-649,,https://johnlewis.scene7.com/is/image/JohnLewis/005151813?wid=117&hei=156,,Brace Contrast Crew Neck T-Shirt,¡ê59.95
1677005319-650,,https://johnlewis.scene7.com/is/image/JohnLewis/006414592?wid=117&hei=156,,"Herringbone Cotton Half Zip Jumper, Blue",¡ê29.00
1677005319-651,,https://johnlewis.scene7.com/is/image/JohnLewis/006395069?wid=117&hei=156,,"Firm Tailored Wool Blazer, Green",¡ê140.00
1677005319-652,,https://johnlewis.scene7.com/is/image/JohnLewis/006354357?wid=117&hei=156,,"Built From Scratch T-Shirt, Violanda",¡ê89.99
1677005319-653,,https://johnlewis.scene7.com/is/image/JohnLewis/006400424?wid=117&hei=156,,Heyshott Slim Stretch Chinos,¡ê128.00
1677005319-654,,https://johnlewis.scene7.com/is/image/JohnLewis/006435060?wid=117&hei=156,,"William Quilted Gilet, Navy",¡ê89.95
1677005319-655,,https://johnlewis.scene7.com/is/image/JohnLewis/006438274?wid=117&hei=156,,"Donegal Wool Blend Worker Joggers, Grey",¡ê45.00
1677005319-656,,https://johnlewis.scene7.com/is/image/JohnLewis/006403684?wid=117&hei=156,,"Polo Ralph Lauren Pique Stripe Short Sleeve Polo Top, Powder Blue/Multi",¡ê54.95
1677005319-657,,https://johnlewis.scene7.com/is/image/JohnLewis/006432945?wid=117&hei=156,,"Resurrection Shirt, Light Wash",¡ê89.00
1677005319-658,,https://johnlewis.scene7.com/is/image/JohnLewis/006395335?wid=117&hei=156,,"Wayfar Jersey Polo Short Sleeve Shirt, Blue",¡ê70.00
1677005319-659,,https://johnlewis.scene7.com/is/image/JohnLewis/006377672?wid=117&hei=156,,"Holiday Poster T-Shirt, Caviar",¡ê54.99
1677005319-660,,https://johnlewis.scene7.com/is/image/JohnLewis/006398797?wid=117&hei=156,,BOSS Abovemo Cotton Cashmere Blend Jumper,¡ê65.00
1677005319-661,,https://johnlewis.scene7.com/is/image/JohnLewis/109633533?wid=117&hei=156,,"Showerproof Tartan Poncho, Green",¡ê99.00
1677005319-662,,https://johnlewis.scene7.com/is/image/JohnLewis/005954287?wid=117&hei=156,,Aldridge Stripe Shirt,¡ê98.00
1677005319-663,,https://johnlewis.scene7.com/is/image/JohnLewis/006324857?wid=117&hei=156,,"Knitted Stripe Rugby Top, Ecru/Multi",¡ê169.00
1677005319-664,,https://johnlewis.scene7.com/is/image/JohnLewis/006372854?wid=117&hei=156,,Original Housemark Logo Stripe Tee,¡ê25.00
1677005319-665,,https://johnlewis.scene7.com/is/image/JohnLewis/006450916?wid=117&hei=156,,"Performance Regular Fit Check Suit Trousers, Beige",¡ê59.95
1677005319-666,,https://johnlewis.scene7.com/is/image/JohnLewis/006438246?wid=117&hei=156,,"Milano Wool Blend Zip Bomber, Light Grey",¡ê79.00
1677005319-667,,https://johnlewis.scene7.com/is/image/JohnLewis/006377631?wid=117&hei=156,,"Big & Tall Relaxed Fit Logo T-Shirt, Green/Blue Slate",¡ê80.00
1677005319-668,,https://johnlewis.scene7.com/is/image/JohnLewis/006347803?wid=117&hei=156,,Slip-On Trainers,¡ê125.00
1677005319-669,,https://johnlewis.scene7.com/is/image/JohnLewis/006358544?wid=117&hei=156,,"London Slim Fit Houndstooth Wool Tweed Suit Trousers, Grey",¡ê26.99
1677005324-670,,https://johnlewis.scene7.com/is/image/JohnLewis/006307384?wid=117&hei=156,,Classic Fuji Puffer Jacket,¡ê40.00
1677005324-671,,https://johnlewis.scene7.com/is/image/JohnLewis/006395159?wid=117&hei=156,,"Frey Check Wool Blend Overshirt, Blue/Multi",¡ê29.99
1677005324-672,,https://johnlewis.scene7.com/is/image/JohnLewis/006330534?wid=117&hei=156,,Cannich Tartan Overshirt,¡ê90.00
1677005324-673,,https://johnlewis.scene7.com/is/image/JohnLewis/006302004?wid=117&hei=156,,Linen Cotton Crew Jumper,¡ê59.99
1677005324-674,,https://johnlewis.scene7.com/is/image/JohnLewis/006260204?wid=117&hei=156,,Stripe Pique Polo Shirt,¡ê75.00
1677005324-675,,https://johnlewis.scene7.com/is/image/JohnLewis/006416003?wid=117&hei=156,,"Humber Hoodie, Bottle Green",¡ê54.99
1677005324-676,,https://johnlewis.scene7.com/is/image/JohnLewis/006440681?wid=117&hei=156,,NSE Light Joggers,¡ê65.00
1677005324-677,,https://johnlewis.scene7.com/is/image/JohnLewis/005800403?wid=117&hei=156,,Parachute Grip Trousers,¡ê30.00
1677005324-678,,https://johnlewis.scene7.com/is/image/JohnLewis/006384274?wid=117&hei=156,,"Zebra T-Shirt, Greys",¡ê99.00
1677005324-679,,https://johnlewis.scene7.com/is/image/JohnLewis/006416025?wid=117&hei=156,,"Ulceby Rugby Trousers, Navy",¡ê37.95
1677005324-680,,https://johnlewis.scene7.com/is/image/JohnLewis/006348260?wid=117&hei=156,,Nate Cutaway Collar Jersey Shirt,¡ê79.00
1677005324-681,,https://johnlewis.scene7.com/is/image/JohnLewis/006404490?wid=117&hei=156,,"BOSS Anderson Slim Fit Jeans, Navy",¡ê27.00
1677005324-682,,https://johnlewis.scene7.com/is/image/JohnLewis/006282959?wid=117&hei=156,,Breton Stripe Cotton T-Shirt,¡ê110.00
1677005324-683,,https://johnlewis.scene7.com/is/image/JohnLewis/006443873alt1?wid=117&hei=156,,"Twill Printed Trim Slim Fit Shirt, Steel Blue",¡ê59.95
1677005324-684,,https://johnlewis.scene7.com/is/image/JohnLewis/006416023?wid=117&hei=156,,"Aldridge Cotton Shirt, Pink",¡ê29.00
1677005324-685,,https://johnlewis.scene7.com/is/image/JohnLewis/006377661?wid=117&hei=156,,"XX Garment-Dyed Chinos, Z7988 Tan Garment Dye",¡ê140.00
1677005324-686,,https://johnlewis.scene7.com/is/image/JohnLewis/006288690?wid=117&hei=156,,Recycled Polyester Tailored Flex Trousers,¡ê89.99
1677005324-687,,https://johnlewis.scene7.com/is/image/JohnLewis/006303689?wid=117&hei=156,,Stirling 2 Straight Fit Corduroy Jeans,¡ê128.00
1677005324-688,,https://johnlewis.scene7.com/is/image/JohnLewis/006444351?wid=117&hei=156,,"Vintage Logo Store Classic T-Shirt, Optic",¡ê89.95
1677005324-689,,https://johnlewis.scene7.com/is/image/JohnLewis/006354342?wid=117&hei=156,,"Scotty T-Shirt, Botanic/Agave",¡ê45.00
1677005324-690,,https://johnlewis.scene7.com/is/image/JohnLewis/006435373?wid=117&hei=156,,"Vintage Home Run Raglan T-Shirt, Glacier Grey/Red",¡ê54.95
1677005324-691,,https://johnlewis.scene7.com/is/image/JohnLewis/006425746?wid=117&hei=156,,"Andover Long Sleeve Line Geometric Print Shirt, Navy",¡ê48.00
1677005324-692,,https://johnlewis.scene7.com/is/image/JohnLewis/006432908?wid=117&hei=156,,Gym Athletic Zip Hoodie,¡ê138.00
1677005324-693,,https://johnlewis.scene7.com/is/image/JohnLewis/006427909?wid=117&hei=156,,"Seersucker Check Shirt, 496 Cerulean",¡ê69.95
1677008723-1963,,https://johnlewis.scene7.com/is/image/JohnLewis/006349955?wid=117&hei=156,,"Baby Sheep Dungaree & Bodysuit Set, Multi",¡ê16.00
1677008723-1964,,https://johnlewis.scene7.com/is/image/JohnLewis/006406764?wid=117&hei=156,,"Baby GOTS Organic Cotton Cardigan, White",¡ê24.00
1677008723-1965,,https://johnlewis.scene7.com/is/image/JohnLewis/006402435?wid=117&hei=156,,"Baby Appliqu¨¦ Dungarees, Autumn Maple",¡ê21.75 - ¡ê23.25
1677008723-1966,,https://johnlewis.scene7.com/is/image/JohnLewis/006317819?wid=117&hei=156,,"Baby Dinosaur Sleepsuit, Pack of 2, Multi",¡ê14.00 - ¡ê15.00
1677008723-1967,,https://johnlewis.scene7.com/is/image/JohnLewis/006332153?wid=117&hei=156,,"Baby Plain Cuffed Ankle Joggers, Pack of 2, Navy/Green",¡ê11.00 - ¡ê12.00
1677008723-1968,,https://johnlewis.scene7.com/is/image/JohnLewis/006312167?wid=117&hei=156,,"Baby Bear & Sun Sleepsuit, Pack of 2, Multi",¡ê9.00 - ¡ê10.00
1677008723-1969,,https://johnlewis.scene7.com/is/image/JohnLewis/006343818?wid=117&hei=156,,"Baby Zip-Up Jumper Hoodie, Green",¡ê8.00
1677008723-1970,,https://johnlewis.scene7.com/is/image/JohnLewis/006349956?wid=117&hei=156,,"Baby Born in 2023 Bodysuit, White",¡ê10.00 - ¡ê11.00
1677008723-1971,,https://johnlewis.scene7.com/is/image/JohnLewis/006325829?wid=117&hei=156,,"Baby Cotton Animal Scene Long Sleeve T-Shirt, Multi",¡ê6.00 - ¡ê7.00
1677008723-1972,,https://johnlewis.scene7.com/is/image/JohnLewis/006343778?wid=117&hei=156,,"Baby Floral Dress, Blue/Multi",¡ê20.00 - ¡ê22.00
1677008723-1973,,https://johnlewis.scene7.com/is/image/JohnLewis/006313288?wid=117&hei=156,,"Baby Linear Floral & Apple Sleepsuit, Pack of 2, Multi",¡ê7.00 - ¡ê8.00
1677008723-1974,,https://johnlewis.scene7.com/is/image/JohnLewis/006330109?wid=117&hei=156,,"Baby Twill Shirt, Green",¡ê6.00 - ¡ê8.00
1677008723-1975,,https://johnlewis.scene7.com/is/image/JohnLewis/006366038?wid=117&hei=156,,"Baby Cashmere Blend Rabbit Jumper, Navy",¡ê12.00 - ¡ê13.00
1677008723-1976,,https://johnlewis.scene7.com/is/image/JohnLewis/006343719?wid=117&hei=156,,"Baby Monster Dress, Multi",¡ê6.00
1677008723-1977,,https://johnlewis.scene7.com/is/image/JohnLewis/006354072?wid=117&hei=156,,"Kids' Block Stripe Short Sleeve T-Shirt, Multi",¡ê20.00 - ¡ê21.00
1677008723-1978,,https://johnlewis.scene7.com/is/image/JohnLewis/006325875?wid=117&hei=156,,"Baby Mouse Jumper, Pink",¡ê9.00 - ¡ê11.00
1677008723-1979,,https://johnlewis.scene7.com/is/image/JohnLewis/006333385?wid=117&hei=156,,"London Transport Theme Baby Socks, Pack of 5, Multi",¡ê17.25 - ¡ê18.75
1677008723-1980,,https://johnlewis.scene7.com/is/image/JohnLewis/006325828?wid=117&hei=156,,"Baby Plain Zip Up Hoodies, Pack of 2, Navy/Green",¡ê13.00 - ¡ê14.00
1677008723-1981,,https://johnlewis.scene7.com/is/image/JohnLewis/006332510?wid=117&hei=156,,Kids' Plain Jersey Joggers,¡ê12.00
1677008723-1982,,https://johnlewis.scene7.com/is/image/JohnLewis/006414283?wid=117&hei=156,,"Mini Boden Baby Stripe Sweatshirt, Oatmeal/Red",¡ê13.50
1677008723-1983,,https://johnlewis.scene7.com/is/image/JohnLewis/006332528?wid=117&hei=156,,"Kids' Strawberry Leggings, Blue",¡ê8.50
1677008723-1984,,https://johnlewis.scene7.com/is/image/JohnLewis/006336010?wid=117&hei=156,,"Baby Dino Joggers, Green",¡ê5.00 - ¡ê7.00
1677008723-1985,,https://johnlewis.scene7.com/is/image/JohnLewis/006325826?wid=117&hei=156,,"Baby Shoulder Button Jumper, Pack of 2, Multi",¡ê16.00 - ¡ê17.00
1677008723-1986,,https://johnlewis.scene7.com/is/image/JohnLewis/006349949?wid=117&hei=156,,"Baby Animals & Stripe Short Sleeve Rompers, Pack of 2, Multi",¡ê13.00
1677008723-1987,,https://johnlewis.scene7.com/is/image/JohnLewis/006338953?wid=117&hei=156,,"Baby Chick Print Pyjamas, Yellow",¡ê15.50
1677008723-1988,,https://johnlewis.scene7.com/is/image/JohnLewis/006332155?wid=117&hei=156,,"Baby Jungle Romper, Multi",¡ê17.00 - ¡ê18.00
1677008723-1989,,https://johnlewis.scene7.com/is/image/JohnLewis/006313539?wid=117&hei=156,,Baby Cotton Strawberry Dungarees & T-Shirt Set,¡ê7.00
1677008723-1990,,https://johnlewis.scene7.com/is/image/JohnLewis/006336008?wid=117&hei=156,,"Baby Dino Hoodie, Green",¡ê7.00 - ¡ê9.00
1677008723-1991,,https://johnlewis.scene7.com/is/image/JohnLewis/006325827?wid=117&hei=156,,"Baby Cotton Plain T-Shirts, Pack of 2, Multi",¡ê10.00 - ¡ê14.00
1677008723-1992,,https://johnlewis.scene7.com/is/image/JohnLewis/006313528?wid=117&hei=156,,"Baby Cotton Monster Short Sleeve Bodysuit, Pack of 3",¡ê10.00
1677008723-1993,,https://johnlewis.scene7.com/is/image/JohnLewis/006353576?wid=117&hei=156,,"Baby Shark Keppi Swim Hat, Green",¡ê14.00
1677008723-1994,,https://johnlewis.scene7.com/is/image/JohnLewis/006347818?wid=117&hei=156,,"Baby' Shark Swimsuit, Multi",¡ê16.00 - ¡ê20.00
1677008723-1995,,https://johnlewis.scene7.com/is/image/JohnLewis/006332982alt3?wid=117&hei=156,,Kids' Plain Boxy Frill Sleeve T-Shirt,¡ê12.00 - ¡ê16.00
1677008723-1996,,https://johnlewis.scene7.com/is/image/JohnLewis/006332160?wid=117&hei=156,,"Baby Mouse Peter Pan Collar Frill Dress, Green",¡ê12.75 - ¡ê14.25
1677008723-1997,,https://johnlewis.scene7.com/is/image/JohnLewis/006344949?wid=117&hei=156,,"Baby Jungle Scene Cardigan, Multi",¡ê15.75 - ¡ê17.25
1677008723-1998,,https://johnlewis.scene7.com/is/image/JohnLewis/006307355?wid=117&hei=156,,"Baby Sun Hat, Cherry Pink",¡ê16.00 - ¡ê18.00
1677008723-1999,,https://johnlewis.scene7.com/is/image/JohnLewis/006313533?wid=117&hei=156,,"Baby Balloon Mix Sleepsuits, Pack of 3, Multi",¡ê14.00 - ¡ê18.00
1677008723-2000,,https://johnlewis.scene7.com/is/image/JohnLewis/006331885?wid=117&hei=156,,"Baby Strawberry Knitted Jumper, Pink",¡ê9.00
1677008723-2001,,https://johnlewis.scene7.com/is/image/JohnLewis/006307390?wid=117&hei=156,,"Baby Sun Hat, Bondi Blue",¡ê8.00
1677008723-2002,,https://johnlewis.scene7.com/is/image/JohnLewis/006312152?wid=117&hei=156,,"Baby Cotton Koala Print Sleepsuit, Pack of 3, Multi",¡ê13.00
1677008723-2003,,https://johnlewis.scene7.com/is/image/JohnLewis/006346663alt1?wid=117&hei=156,,"Baby Bubblefish Keppi Swim Hat, Multi",¡ê28.00
1677008723-2004,,https://johnlewis.scene7.com/is/image/JohnLewis/006354077?wid=117&hei=156,,"Kids' Bee Colour Block Short Sleeve T-Shirt, White",¡ê25.00
1677008723-2005,,https://johnlewis.scene7.com/is/image/JohnLewis/006332764?wid=117&hei=156,,"Kids' Butterfly Print Smock Dress, Tea Rose",¡ê42.00
1677008723-2006,,https://johnlewis.scene7.com/is/image/JohnLewis/006349958?wid=117&hei=156,,"Baby Elephant Stripe Sleepsuit, Blue/Multi",¡ê22.00
1677008723-2007,,https://johnlewis.scene7.com/is/image/JohnLewis/006313532alt1?wid=117&hei=156,,"Cotton Monster Print Sleepsuit, Pack of 3, Multi",¡ê48.00 - ¡ê52.00
1677008723-2008,,https://johnlewis.scene7.com/is/image/JohnLewis/006349953?wid=117&hei=156,,"Baby Duck & Stripe Romper, Pack of 2, Multi",¡ê15.00 - ¡ê17.00
1677008723-2009,,https://johnlewis.scene7.com/is/image/JohnLewis/006325878?wid=117&hei=156,,"Baby Floral Ribbed Trousers, Pink",¡ê28.00 - ¡ê32.00
1677008723-2010,,https://johnlewis.scene7.com/is/image/JohnLewis/006340902?wid=117&hei=156,,"Baby Fish Sunpro Suit, Pink",¡ê45.00
1677008723-2011,,https://johnlewis.scene7.com/is/image/JohnLewis/006332512alt3?wid=117&hei=156,,"Kids' Donut Worry Graphic Sweatshirt, Blue",¡ê26.00 - ¡ê30.00
1677008723-2012,,https://johnlewis.scene7.com/is/image/JohnLewis/006349111?wid=117&hei=156,,"Baby Dinosaur, Stripe, Dye T-Shirt, Pack of 3, Multi",¡ê24.00 - ¡ê31.00
1677008723-2013,,https://johnlewis.scene7.com/is/image/JohnLewis/006349960?wid=117&hei=156,,Baby Pointelle Bodysuit & Floral Dungaree Set,¡ê20.00 - ¡ê27.00
1677008723-2014,,https://johnlewis.scene7.com/is/image/JohnLewis/006313445?wid=117&hei=156,,Kids' Plain Utility Trousers,¡ê19.00 - ¡ê24.00
1677008723-2015,,https://johnlewis.scene7.com/is/image/JohnLewis/006325809?wid=117&hei=156,,"Baby Floral & Plain Shorts, Pack of 3, Multi",¡ê38.00 - ¡ê48.00
1677008723-2016,,https://johnlewis.scene7.com/is/image/JohnLewis/006296038?wid=117&hei=156,,Baby Twill Cargo Trousers,¡ê38.00 - ¡ê45.00
1677008723-2017,,https://johnlewis.scene7.com/is/image/JohnLewis/006313534?wid=117&hei=156,,"ANYDAY Baby Shapes Long Sleeve Sleepsuit, Pack of 3, Multi",¡ê35.00
1677008723-2018,,https://johnlewis.scene7.com/is/image/JohnLewis/006314720?wid=117&hei=156,,"Baby Zebra Sleepsuit, White",¡ê4.00 - ¡ê5.00
1677008723-2019,,https://johnlewis.scene7.com/is/image/JohnLewis/006314710?wid=117&hei=156,,"Baby 3D Lion Romper, Blue",¡ê80.00 - ¡ê85.00
1677008723-2020,,https://johnlewis.scene7.com/is/image/JohnLewis/006312153?wid=117&hei=156,,"Baby Cotton Hippo Print Sleepsuit, Pack of 3, Multi",¡ê16.00
1677008723-2021,,https://johnlewis.scene7.com/is/image/JohnLewis/006332161?wid=117&hei=156,,"Baby Floral, Plain, & Stripe Leggings, Pack of 3, Multi",¡ê24.00
1677008723-2022,,https://johnlewis.scene7.com/is/image/JohnLewis/006336308?wid=117&hei=156,,"Kids' Fun Flamingo Swimsuit, Blue/Pink",¡ê21.75 - ¡ê23.25
1677008723-2023,,https://johnlewis.scene7.com/is/image/JohnLewis/006325846?wid=117&hei=156,,"Baby Crinkle Dress, Light Blue",¡ê14.00 - ¡ê15.00
1677008723-2024,,https://johnlewis.scene7.com/is/image/JohnLewis/006046095?wid=117&hei=156,,"Kids' Breton Stripe Top, Peacoat/Gardenia",¡ê11.00 - ¡ê12.00
1677008723-2025,,https://johnlewis.scene7.com/is/image/JohnLewis/006337629?wid=117&hei=156,,"Baby Zebra Long Sleeve Pyjama Set, Pack of 2, Multi",¡ê9.00 - ¡ê10.00
1677008723-2026,,https://johnlewis.scene7.com/is/image/JohnLewis/006326519?wid=117&hei=156,,"Baby Jungle Top & Leggings Set, Multi",¡ê8.00
1677008723-2027,,https://johnlewis.scene7.com/is/image/JohnLewis/006340903?wid=117&hei=156,,"Baby Deep Sea Whale Swimsuit, Blue",¡ê10.00 - ¡ê11.00
1677008723-2028,,https://johnlewis.scene7.com/is/image/JohnLewis/006353575?wid=117&hei=156,,"Baby Shark Rash Vest & Shorts Swimwear Set, Green",¡ê6.00 - ¡ê7.00
1677008723-2029,,https://johnlewis.scene7.com/is/image/JohnLewis/006414271?wid=117&hei=156,,"Mini Boden Baby Embroidered Bee T-Shirt, Ivory/Green",¡ê20.00 - ¡ê22.00
1677008723-2030,,https://johnlewis.scene7.com/is/image/JohnLewis/006414270?wid=117&hei=156,,"Mini Boden Baby Chambray Collar Top, Mid Chambray",¡ê7.00 - ¡ê8.00
1677008723-2031,,https://johnlewis.scene7.com/is/image/JohnLewis/006313759?wid=117&hei=156,,"Kids' Classic Colour Block Stripe Rugby Top, Multi",¡ê6.00 - ¡ê8.00
1677008723-2032,,https://johnlewis.scene7.com/is/image/JohnLewis/006331815?wid=117&hei=156,,"Kids' Spot/Plain/Floral Leggings, Pack of 3, Blue/Multi",¡ê12.00 - ¡ê13.00
1677008723-2033,,https://johnlewis.scene7.com/is/image/JohnLewis/006330110?wid=117&hei=156,,"Baby Check Shirt, Multi",¡ê6.00
1677008723-2034,,https://johnlewis.scene7.com/is/image/JohnLewis/006314716?wid=117&hei=156,,"Baby Floral Stripe Dress & Bodysuit Set, Rainbow",¡ê20.00 - ¡ê21.00
1677008725-2035,,https://johnlewis.scene7.com/is/image/JohnLewis/006314719?wid=117&hei=156,,"Baby Smile Top, Short & Bib Set, Multi",¡ê9.00 - ¡ê11.00
1677008725-2036,,https://johnlewis.scene7.com/is/image/JohnLewis/006314726?wid=117&hei=156,,"Baby Smile T-Shirt & Joggers Set, Blue/Orange",¡ê17.25 - ¡ê18.75
1677008725-2037,,https://johnlewis.scene7.com/is/image/JohnLewis/006314706?wid=117&hei=156,,"Baby Tiny & Cute Sleepsuits, Hat & Gloves Set, White/Grey",¡ê13.00 - ¡ê14.00
1677008725-2038,,https://johnlewis.scene7.com/is/image/JohnLewis/006368510?wid=117&hei=156,,Baby Bodysuit & Leggings Set,¡ê12.00
1677008725-2039,,https://johnlewis.scene7.com/is/image/JohnLewis/006368509?wid=117&hei=156,,"Kids' Dri Fit Leggings, Rush Fuchsia",¡ê12.00
1677008725-2040,,https://johnlewis.scene7.com/is/image/JohnLewis/006368548?wid=117&hei=156,,"Kids' Logo Hoodie, Iron Grey",¡ê21.00 - ¡ê26.00
1677008725-2041,,https://johnlewis.scene7.com/is/image/JohnLewis/006424714?wid=117&hei=156,,"Baby Walker Floral Shoes, Pink",¡ê12.00 - ¡ê16.00
1677008725-2042,,https://johnlewis.scene7.com/is/image/JohnLewis/006424708?wid=117&hei=156,,"Baby Alovette Hope Lace Christening Dress, White",¡ê32.00 - ¡ê38.00
1677008725-2043,,https://johnlewis.scene7.com/is/image/JohnLewis/006313765?wid=117&hei=156,,"Kids' Denim Long Sleeve Rugby Top, Grey",¡ê34.00
1677008725-2044,,https://johnlewis.scene7.com/is/image/JohnLewis/006419971?wid=117&hei=156,,"Kids' Jamie Wide Leg Ripped Jeans, Blue",¡ê15.75 - ¡ê17.25
1677008725-2045,,https://johnlewis.scene7.com/is/image/JohnLewis/006419931?wid=117&hei=156,,"Baby Gracie Frill Collar Tie Sash Dress, Cream",¡ê11.25 - ¡ê12.75
1677008725-2046,,https://johnlewis.scene7.com/is/image/JohnLewis/006419926?wid=117&hei=156,,"Kids' Benjamin Chinos, Grey",¡ê12.75
1677008725-2047,,https://johnlewis.scene7.com/is/image/JohnLewis/006419919?wid=117&hei=156,,"Kids Finley Tailored Trousers, Grey",¡ê17.25 - ¡ê20.25
1677008725-2048,,https://johnlewis.scene7.com/is/image/JohnLewis/006419918?wid=117&hei=156,,"Kids' Phoenix Check Smart Trousers, Blue",¡ê54.00
1677008725-2049,,https://johnlewis.scene7.com/is/image/JohnLewis/006419914?wid=117&hei=156,,"Kids' Clayton Stripe Short, Stone",¡ê15.00
1677008725-2050,,https://johnlewis.scene7.com/is/image/JohnLewis/006419909?wid=117&hei=156,,"Kids' Emerson Check Trousers, Grey",¡ê30.00
1677008725-2051,,https://johnlewis.scene7.com/is/image/JohnLewis/006419910?wid=117&hei=156,,"Kids' Mason Acid Washed Joggers, Grey",¡ê26.00 - ¡ê31.00
1677008725-2052,,https://johnlewis.scene7.com/is/image/JohnLewis/006419905?wid=117&hei=156,,"Kids' Clayton Stripe Waistcoat, Shirt and Bow Tie Set, Stone",¡ê9.00 - ¡ê10.00
1677008725-2053,,https://johnlewis.scene7.com/is/image/JohnLewis/006419899?wid=117&hei=156,,"Kids' Emerson Check 3-Piece Waistcoat Set, Grey",¡ê17.25
1677008725-2054,,https://johnlewis.scene7.com/is/image/JohnLewis/006417021?wid=117&hei=156,,"Kids' Embroidered Tiered Party Dress, Champagne",¡ê26.00 - ¡ê28.00
1677008725-2055,,https://johnlewis.scene7.com/is/image/JohnLewis/006368482?wid=117&hei=156,,"Kids' Active Joy Logo Jumper, Red",¡ê34.00 - ¡ê38.00
1677008725-2056,,https://johnlewis.scene7.com/is/image/JohnLewis/006343815?wid=117&hei=156,,"ANYDAY Baby Happy Campers T-Shirt, Multi",¡ê16.00 - ¡ê17.00
1677008725-2057,,https://johnlewis.scene7.com/is/image/JohnLewis/006406777?wid=117&hei=156,,"Baby Wind & Waterproof Shell Coat, Yellow",¡ê11.25
1677008725-2058,,https://johnlewis.scene7.com/is/image/JohnLewis/006406746?wid=117&hei=156,,"Kids' GOTS Organic Cotton Blend Cherry Print Dress, Purple",¡ê22.00
1677008728-2059,,https://johnlewis.scene7.com/is/image/JohnLewis/006349955?wid=117&hei=156,,"Baby Sheep Dungaree & Bodysuit Set, Multi",¡ê12.00 - ¡ê14.00
1677008728-2060,,https://johnlewis.scene7.com/is/image/JohnLewis/006406764?wid=117&hei=156,,"Baby GOTS Organic Cotton Cardigan, White",¡ê58.00 - ¡ê62.00
1677008728-2061,,https://johnlewis.scene7.com/is/image/JohnLewis/006402435?wid=117&hei=156,,"Baby Appliqu¨¦ Dungarees, Autumn Maple",¡ê26.00
1677008728-2062,,https://johnlewis.scene7.com/is/image/JohnLewis/006317819?wid=117&hei=156,,"Baby Dinosaur Sleepsuit, Pack of 2, Multi",¡ê16.00
1677008728-2063,,https://johnlewis.scene7.com/is/image/JohnLewis/006332153?wid=117&hei=156,,"Baby Plain Cuffed Ankle Joggers, Pack of 2, Navy/Green",¡ê24.00
1677008728-2064,,https://johnlewis.scene7.com/is/image/JohnLewis/006312167?wid=117&hei=156,,"Baby Bear & Sun Sleepsuit, Pack of 2, Multi",¡ê21.75 - ¡ê23.25
1677008728-2065,,https://johnlewis.scene7.com/is/image/JohnLewis/006343818?wid=117&hei=156,,"Baby Zip-Up Jumper Hoodie, Green",¡ê14.00 - ¡ê15.00
1677008728-2066,,https://johnlewis.scene7.com/is/image/JohnLewis/006349956?wid=117&hei=156,,"Baby Born in 2023 Bodysuit, White",¡ê11.00 - ¡ê12.00
1677008728-2067,,https://johnlewis.scene7.com/is/image/JohnLewis/006325829?wid=117&hei=156,,"Baby Cotton Animal Scene Long Sleeve T-Shirt, Multi",¡ê9.00 - ¡ê10.00
1677008728-2068,,https://johnlewis.scene7.com/is/image/JohnLewis/006343778?wid=117&hei=156,,"Baby Floral Dress, Blue/Multi",¡ê8.00
1677008728-2069,,https://johnlewis.scene7.com/is/image/JohnLewis/006313288?wid=117&hei=156,,"Baby Linear Floral & Apple Sleepsuit, Pack of 2, Multi",¡ê10.00 - ¡ê11.00
1677008728-2070,,https://johnlewis.scene7.com/is/image/JohnLewis/006330109?wid=117&hei=156,,"Baby Twill Shirt, Green",¡ê6.00 - ¡ê7.00
1677008728-2071,,https://johnlewis.scene7.com/is/image/JohnLewis/006366038?wid=117&hei=156,,"Baby Cashmere Blend Rabbit Jumper, Navy",¡ê20.00 - ¡ê22.00
1677008728-2072,,https://johnlewis.scene7.com/is/image/JohnLewis/006343719?wid=117&hei=156,,"Baby Monster Dress, Multi",¡ê7.00 - ¡ê8.00
1677008728-2073,,https://johnlewis.scene7.com/is/image/JohnLewis/006354072?wid=117&hei=156,,"Kids' Block Stripe Short Sleeve T-Shirt, Multi",¡ê6.00 - ¡ê8.00
1677008728-2074,,https://johnlewis.scene7.com/is/image/JohnLewis/006325875?wid=117&hei=156,,"Baby Mouse Jumper, Pink",¡ê12.00 - ¡ê13.00
1677008728-2075,,https://johnlewis.scene7.com/is/image/JohnLewis/006333385?wid=117&hei=156,,"London Transport Theme Baby Socks, Pack of 5, Multi",¡ê6.00
1677008728-2076,,https://johnlewis.scene7.com/is/image/JohnLewis/006325828?wid=117&hei=156,,"Baby Plain Zip Up Hoodies, Pack of 2, Navy/Green",¡ê20.00 - ¡ê21.00
1677008728-2077,,https://johnlewis.scene7.com/is/image/JohnLewis/006332510?wid=117&hei=156,,Kids' Plain Jersey Joggers,¡ê9.00 - ¡ê11.00
1677008728-2078,,https://johnlewis.scene7.com/is/image/JohnLewis/006414283?wid=117&hei=156,,"Mini Boden Baby Stripe Sweatshirt, Oatmeal/Red",¡ê17.25 - ¡ê18.75
1677008728-2079,,https://johnlewis.scene7.com/is/image/JohnLewis/006332528?wid=117&hei=156,,"Kids' Strawberry Leggings, Blue",¡ê13.00 - ¡ê14.00
1677008728-2080,,https://johnlewis.scene7.com/is/image/JohnLewis/006336010?wid=117&hei=156,,"Baby Dino Joggers, Green",¡ê12.00
1677008728-2081,,https://johnlewis.scene7.com/is/image/JohnLewis/006325826?wid=117&hei=156,,"Baby Shoulder Button Jumper, Pack of 2, Multi",¡ê13.50
1677008728-2082,,https://johnlewis.scene7.com/is/image/JohnLewis/006349949?wid=117&hei=156,,"Baby Animals & Stripe Short Sleeve Rompers, Pack of 2, Multi",¡ê8.50
1677008730-2083,,https://johnlewis.scene7.com/is/image/JohnLewis/006420047?wid=117&hei=156,,"Kids' Belle Oversized Slogan T-Shirt, Tan",¡ê5.00 - ¡ê7.00
1677008730-2084,,https://johnlewis.scene7.com/is/image/JohnLewis/006419920?wid=117&hei=156,,Kids' Frank Quilted Jersey Joggers,¡ê16.00 - ¡ê17.00
1677008730-2085,,https://johnlewis.scene7.com/is/image/JohnLewis/006331112?wid=117&hei=156,,"Kids' Textured Plain Tie Swimsuit, Pink",¡ê13.00
1677008730-2086,,https://johnlewis.scene7.com/is/image/JohnLewis/006313164?wid=117&hei=156,,Kids' Plain Onion Quilted Bomber Jacket,¡ê15.50
1677008730-2087,,https://johnlewis.scene7.com/is/image/JohnLewis/006305724?wid=117&hei=156,,"Baby Organic Cotton, Animal Bodysuit, Hat & Joggers Set, Bijou Blue/Navy",¡ê17.00 - ¡ê18.00
1677008730-2088,,https://johnlewis.scene7.com/is/image/JohnLewis/006402439?wid=117&hei=156,,"Baby Heart Print Frill Sleepsuit, Ivory/Multi",¡ê7.00
1677008730-2089,,https://johnlewis.scene7.com/is/image/JohnLewis/006402593?wid=117&hei=156,,Kids' Broderie T-Shirt,¡ê7.00 - ¡ê9.00
1677008730-2090,,https://johnlewis.scene7.com/is/image/JohnLewis/006402325?wid=117&hei=156,,"Kids' Foil Print T-shirt, Classic Khaki",¡ê10.00 - ¡ê14.00
1677008730-2091,,https://johnlewis.scene7.com/is/image/JohnLewis/006402567?wid=117&hei=156,,"Kids' Embroidered Swimsuit, Starboard/Multi",¡ê10.00
1677008730-2092,,https://johnlewis.scene7.com/is/image/JohnLewis/006384038?wid=117&hei=156,,"Baby Edgar Elephant Cashmere Blend Jumper, Sage Green",¡ê14.00
1677008730-2093,,https://johnlewis.scene7.com/is/image/JohnLewis/006445334?wid=117&hei=156,,"Baby Patent Daisy Booties, Ivory",¡ê16.00 - ¡ê20.00
1677008730-2094,,https://johnlewis.scene7.com/is/image/JohnLewis/006445315?wid=117&hei=156,,"Baby Dungaree & T-Shirt Set, Multi",¡ê12.00 - ¡ê16.00
1677008730-2095,,https://johnlewis.scene7.com/is/image/JohnLewis/006420035?wid=117&hei=156,,"Kids' Striped Daisy Motif Cardigan, Pink/Green",¡ê12.75 - ¡ê14.25
1677008730-2096,,https://johnlewis.scene7.com/is/image/JohnLewis/006338281?wid=117&hei=156,,"Kids' Seersucker Stripe Swimming Trunks, Blue",¡ê15.75 - ¡ê17.25
1677008730-2097,,https://johnlewis.scene7.com/is/image/JohnLewis/006402432?wid=117&hei=156,,"Baby Bunny Print Dress, Vista Blue",¡ê16.00 - ¡ê18.00
1677008730-2098,,https://johnlewis.scene7.com/is/image/JohnLewis/006445318?wid=117&hei=156,,"Baby Broderie Check Vest & Short Set, Green",¡ê14.00 - ¡ê18.00
1677008730-2099,,https://johnlewis.scene7.com/is/image/JohnLewis/006380825?wid=117&hei=156,,"Crew Neck Floral Print Georgette Dress, Pink Blush/Multi",¡ê9.00
1677008730-2100,,https://johnlewis.scene7.com/is/image/JohnLewis/006325874?wid=117&hei=156,,"Baby Floral Wadded Shacket, Green",¡ê8.00
1677008730-2101,,https://johnlewis.scene7.com/is/image/JohnLewis/006402558?wid=117&hei=156,,"Kids' Fun Dinosaur Leggings, Vanilla Pod/Multi",¡ê13.00
1677008730-2102,,https://johnlewis.scene7.com/is/image/JohnLewis/006445338?wid=117&hei=156,,"Baby Patent Daisy Walkers, Ivory",¡ê28.00
1677008730-2103,,https://johnlewis.scene7.com/is/image/JohnLewis/006313739?wid=117&hei=156,,"Kids' Marl Pocket T-Shirt, Teal",¡ê25.00
1677008730-2104,,https://johnlewis.scene7.com/is/image/JohnLewis/006313747?wid=117&hei=156,,"Kids' Adventure Hooded Top, Grey",¡ê42.00
1677008730-2105,,https://johnlewis.scene7.com/is/image/JohnLewis/006384056?wid=117&hei=156,,"Kids' Wool and Cashmere Blend Guardsman Jumper, Grey Marl",¡ê22.00
1677008730-2106,,https://johnlewis.scene7.com/is/image/JohnLewis/006331519?wid=117&hei=156,,"Baby Floral Snuggle Pocket Dress, Golden",¡ê15.00 - ¡ê17.00
